INSERT INTO `images` (`imageid`, `size`, `width`, `height`) VALUES
(2, 2143271, 1936, 2592),
(3, 273007, 400, 792),
(4, 273007, 400, 792),
(6, 273007, 401, 792),
(7, 67768, 912, 513),
(9, 273007, 401, 792),
(10, 23007, 2, 2),
(11, 197852, 679, 619),
(12, 50170, 295, 274),
(13, 181591, 377, 434),
(14, 42131, 453, 604),
(15, 105127, 1200, 1200),
(17, 52390, 338, 407),
(18, 62832, 500, 500),
(19, 88037, 492, 400),
(20, 181918, 500, 387),
(21, 12411, 200, 224),
(22, 31235, 363, 382),
(23, 29539, 250, 208),
(24, 69845, 355, 644),
(25, 69845, 355, 644),
(26, 69845, 355, 644),
(28, 45580, 560, 330),
(29, 24815, 371, 503),
(30, 18015, 400, 300),
(31, 18015, 400, 300),
(32, 34393, 376, 490),
(33, 52818, 488, 527);
-- ------------
INSERT INTO `employees` (`umn`, `ssn`, `name`, `imageid`, `phone`, `addr`, `salary`) VALUES
(1, 123456789, 'Νίκος Παπαδόπουλος', 26, '2109595555', 'Μητσοτάκη 13', 7500),
(4, 112233445, 'Μιχάλης Ιορδάνου', 21, '2107575655', 'Ταύρων 3', 12131),
(13, 2147483647, 'Γεράσιμος Σπανοδημήτρης', NULL, '+30 6999988884', 'Παπαδεσητζόγλου 33', 34000),
(24, 123455989, 'Kareem Abdul-Jabbar', 19, '(234) 235 5678', 'Santa Barbara 284', 19000),
(42, 988776655, 'Γιάννης Αρμπούκλης', 23, '2109998998', 'Γάτων 33', 11300),
(76, 1837401749, 'Κατερίνα Ιωάννου', 32, '69182738199', 'Ιεροξύλων 9', 24000),
(98, 1992360199, 'Πέτρος Γεραφινός', 29, '2119887341', 'Οικογενείας 144', 20900),
(101, 1927502958, 'Θοδωρής Βαδεράκης', 28, '2212984200', 'Death Star 1', 39800),
(777, 1020305080, 'Βασίλης Γερακάρης', 14, '210 9575203', 'Ζαλόγγου 4', 42000),
(980, 1927710283, 'Λεωνίδας Ο', 31, '+0012 2088391729', 'Γης 3', 30),
(7464, 1234, 'Master Of Puppets', 18, '7729876161', 'Helios 32', 42424),
(9879, 1247141124, 'Robert''); DROP TABLE Checks;--', 33, '6996996993', 'Καταστροφέων 1', 18900),
(589401, 48324834, 'Mr. Potato'' Head', 17, '2105412344', 'Πατησίων 254-213', 3),
(1289010, 10101010, 'Διονύσης Ζήνδρος', 13, '210 7754724', 'Αναστασάκη 6', 9001),
(21312312, 21312312, 'Nik Christodoulakis', 20, '13123123', 'καπου εδω', 10000);
-- ------------
INSERT INTO `regulators` (`umn`, `checked`) VALUES
(13, '0000-00-00'),
(42, '2012-03-07'),
(76, '0000-00-00'),
(101, '2012-01-10'),
(777, '2011-01-10');
-- ------------
INSERT INTO `techs` (`umn`) VALUES
(4),
(98),
(7464),
(9879),
(589401);
-- ------------
INSERT INTO `checktypes` (`checktypeid`, `name`, `maxscore`) VALUES
(1, 'Κατάσταση κινητήρα', 1000),
(4, 'Κατάσταση σκελετού', 600),
(5, 'Έλεγχος Κυκλωμάτων', 500),
(9, 'Αντοχή μηχανής', 100),
(11, 'Ανάπτυξη θερμότητας στον κινητήρα', 100);
-- ------------
INSERT INTO `planetypes` (`tid`, `name`, `capacity`, `weight`, `imageid`) VALUES
(1, 'Boeing 747', 380, 81600, NULL),
(2, 'Boeing 737', 220, 34000, NULL),
(5, 'Airbus A301', 302, 132003, NULL),
(6, 'Airbus A380', 850, 391000, NULL),
(7, 'Airbus A320', 164, 42600, NULL),
(10, 'Boeing 757', 289, 110000, NULL),
(11, 'Bombardier Global 5000', 20, 40700, NULL);
-- --------
INSERT INTO `planes` (`pid`, `tid`) VALUES
(1024, 1),
(8621, 1),
(9956, 2),
(1042, 5),
(1982, 5),
(2856, 5),
(12345, 6),
(2048, 7),
(4408, 7),
(1007, 10),
(2998, 10),
(12, 11);
-- --------
INSERT INTO `specializations` (`umn`, `tid`) VALUES
(4, 1),
(7464, 1),
(98, 2),
(7464, 6),
(9879, 7),
(7464, 10),
(98, 11),
(9879, 11);
-- -------
INSERT INTO `checks` (`checktypeid`, `pid`, `umn`, `created`, `duration`, `score`) VALUES
(1, 1024, 4, '2012-03-07 01:18:06', 11, 600),
(1, 8621, 4, '2011-08-08 01:18:34', 14, 700),
(4, 9956, 98, '2012-03-16 23:51:49', 3, 174),
(5, 12, 98, '2011-02-01 06:45:15', 8, 480),
(5, 1042, 589401, '2012-01-15 01:19:40', 9, 220),
(11, 1982, 7464, '2010-05-18 16:20:04', 32, 91),
(11, 9956, 9879, '2011-03-15 08:33:16', 12, 98),
(11, 12345, 9879, '2012-02-10 20:34:29', 12, 96);

-- ------------

